quality,table_id,component_role,precision_bits,natural_index,row,column,value,table_fingerprint,source
50,0,luma,8,0,0,0,16,8c75d619edb01e8fcdfa68dd157593caa404b154e42f059fd7a246a9a5dfc851,OpenCV quality path; verified equal to Pillow
50,0,luma,8,1,0,1,11,8c75d619edb01e8fcdfa68dd157593caa404b154e42f059fd7a246a9a5dfc851,OpenCV quality path; verified equal to Pillow
50,0,luma,8,2,0,2,10,8c75d619edb01e8fcdfa68dd157593caa404b154e42f059fd7a246a9a5dfc851,OpenCV quality path; verified equal to Pillow
50,0,luma,8,3,0,3,16,8c75d619edb01e8fcdfa68dd157593caa404b154e42f059fd7a246a9a5dfc851,OpenCV quality path; verified equal to Pillow
50,0,luma,8,4,0,4,24,8c75d619edb01e8fcdfa68dd157593caa404b154e42f059fd7a246a9a5dfc851,OpenCV quality path; verified equal to Pillow
50,0,luma,8,5,0,5,40,8c75d619edb01e8fcdfa68dd157593caa404b154e42f059fd7a246a9a5dfc851,OpenCV quality path; verified equal to Pillow
50,0,luma,8,6,0,6,51,8c75d619edb01e8fcdfa68dd157593caa404b154e42f059fd7a246a9a5dfc851,OpenCV quality path; verified equal to Pillow
50,0,luma,8,7,0,7,61,8c75d619edb01e8fcdfa68dd157593caa404b154e42f059fd7a246a9a5dfc851,OpenCV quality path; verified equal to Pillow
50,0,luma,8,8,1,0,12,8c75d619edb01e8fcdfa68dd157593caa404b154e42f059fd7a246a9a5dfc851,OpenCV quality path; verified equal to Pillow
50,0,luma,8,9,1,1,12,8c75d619edb01e8fcdfa68dd157593caa404b154e42f059fd7a246a9a5dfc851,OpenCV quality path; verified equal to Pillow
50,0,luma,8,10,1,2,14,8c75d619edb01e8fcdfa68dd157593caa404b154e42f059fd7a246a9a5dfc851,OpenCV quality path; verified equal to Pillow
50,0,luma,8,11,1,3,19,8c75d619edb01e8fcdfa68dd157593caa404b154e42f059fd7a246a9a5dfc851,OpenCV quality path; verified equal to Pillow
50,0,luma,8,12,1,4,26,8c75d619edb01e8fcdfa68dd157593caa404b154e42f059fd7a246a9a5dfc851,OpenCV quality path; verified equal to Pillow
50,0,luma,8,13,1,5,58,8c75d619edb01e8fcdfa68dd157593caa404b154e42f059fd7a246a9a5dfc851,OpenCV quality path; verified equal to Pillow
50,0,luma,8,14,1,6,60,8c75d619edb01e8fcdfa68dd157593caa404b154e42f059fd7a246a9a5dfc851,OpenCV quality path; verified equal to Pillow
50,0,luma,8,15,1,7,55,8c75d619edb01e8fcdfa68dd157593caa404b154e42f059fd7a246a9a5dfc851,OpenCV quality path; verified equal to Pillow
50,0,luma,8,16,2,0,14,8c75d619edb01e8fcdfa68dd157593caa404b154e42f059fd7a246a9a5dfc851,OpenCV quality path; verified equal to Pillow
50,0,luma,8,17,2,1,13,8c75d619edb01e8fcdfa68dd157593caa404b154e42f059fd7a246a9a5dfc851,OpenCV quality path; verified equal to Pillow
50,0,luma,8,18,2,2,16,8c75d619edb01e8fcdfa68dd157593caa404b154e42f059fd7a246a9a5dfc851,OpenCV quality path; verified equal to Pillow
50,0,luma,8,19,2,3,24,8c75d619edb01e8fcdfa68dd157593caa404b154e42f059fd7a246a9a5dfc851,OpenCV quality path; verified equal to Pillow
50,0,luma,8,20,2,4,40,8c75d619edb01e8fcdfa68dd157593caa404b154e42f059fd7a246a9a5dfc851,OpenCV quality path; verified equal to Pillow
50,0,luma,8,21,2,5,57,8c75d619edb01e8fcdfa68dd157593caa404b154e42f059fd7a246a9a5dfc851,OpenCV quality path; verified equal to Pillow
50,0,luma,8,22,2,6,69,8c75d619edb01e8fcdfa68dd157593caa404b154e42f059fd7a246a9a5dfc851,OpenCV quality path; verified equal to Pillow
50,0,luma,8,23,2,7,56,8c75d619edb01e8fcdfa68dd157593caa404b154e42f059fd7a246a9a5dfc851,OpenCV quality path; verified equal to Pillow
50,0,luma,8,24,3,0,14,8c75d619edb01e8fcdfa68dd157593caa404b154e42f059fd7a246a9a5dfc851,OpenCV quality path; verified equal to Pillow
50,0,luma,8,25,3,1,17,8c75d619edb01e8fcdfa68dd157593caa404b154e42f059fd7a246a9a5dfc851,OpenCV quality path; verified equal to Pillow
50,0,luma,8,26,3,2,22,8c75d619edb01e8fcdfa68dd157593caa404b154e42f059fd7a246a9a5dfc851,OpenCV quality path; verified equal to Pillow
50,0,luma,8,27,3,3,29,8c75d619edb01e8fcdfa68dd157593caa404b154e42f059fd7a246a9a5dfc851,OpenCV quality path; verified equal to Pillow
50,0,luma,8,28,3,4,51,8c75d619edb01e8fcdfa68dd157593caa404b154e42f059fd7a246a9a5dfc851,OpenCV quality path; verified equal to Pillow
50,0,luma,8,29,3,5,87,8c75d619edb01e8fcdfa68dd157593caa404b154e42f059fd7a246a9a5dfc851,OpenCV quality path; verified equal to Pillow
50,0,luma,8,30,3,6,80,8c75d619edb01e8fcdfa68dd157593caa404b154e42f059fd7a246a9a5dfc851,OpenCV quality path; verified equal to Pillow
50,0,luma,8,31,3,7,62,8c75d619edb01e8fcdfa68dd157593caa404b154e42f059fd7a246a9a5dfc851,OpenCV quality path; verified equal to Pillow
50,0,luma,8,32,4,0,18,8c75d619edb01e8fcdfa68dd157593caa404b154e42f059fd7a246a9a5dfc851,OpenCV quality path; verified equal to Pillow
50,0,luma,8,33,4,1,22,8c75d619edb01e8fcdfa68dd157593caa404b154e42f059fd7a246a9a5dfc851,OpenCV quality path; verified equal to Pillow
50,0,luma,8,34,4,2,37,8c75d619edb01e8fcdfa68dd157593caa404b154e42f059fd7a246a9a5dfc851,OpenCV quality path; verified equal to Pillow
50,0,luma,8,35,4,3,56,8c75d619edb01e8fcdfa68dd157593caa404b154e42f059fd7a246a9a5dfc851,OpenCV quality path; verified equal to Pillow
50,0,luma,8,36,4,4,68,8c75d619edb01e8fcdfa68dd157593caa404b154e42f059fd7a246a9a5dfc851,OpenCV quality path; verified equal to Pillow
50,0,luma,8,37,4,5,109,8c75d619edb01e8fcdfa68dd157593caa404b154e42f059fd7a246a9a5dfc851,OpenCV quality path; verified equal to Pillow
50,0,luma,8,38,4,6,103,8c75d619edb01e8fcdfa68dd157593caa404b154e42f059fd7a246a9a5dfc851,OpenCV quality path; verified equal to Pillow
50,0,luma,8,39,4,7,77,8c75d619edb01e8fcdfa68dd157593caa404b154e42f059fd7a246a9a5dfc851,OpenCV quality path; verified equal to Pillow
50,0,luma,8,40,5,0,24,8c75d619edb01e8fcdfa68dd157593caa404b154e42f059fd7a246a9a5dfc851,OpenCV quality path; verified equal to Pillow
50,0,luma,8,41,5,1,35,8c75d619edb01e8fcdfa68dd157593caa404b154e42f059fd7a246a9a5dfc851,OpenCV quality path; verified equal to Pillow
50,0,luma,8,42,5,2,55,8c75d619edb01e8fcdfa68dd157593caa404b154e42f059fd7a246a9a5dfc851,OpenCV quality path; verified equal to Pillow
50,0,luma,8,43,5,3,64,8c75d619edb01e8fcdfa68dd157593caa404b154e42f059fd7a246a9a5dfc851,OpenCV quality path; verified equal to Pillow
50,0,luma,8,44,5,4,81,8c75d619edb01e8fcdfa68dd157593caa404b154e42f059fd7a246a9a5dfc851,OpenCV quality path; verified equal to Pillow
50,0,luma,8,45,5,5,104,8c75d619edb01e8fcdfa68dd157593caa404b154e42f059fd7a246a9a5dfc851,OpenCV quality path; verified equal to Pillow
50,0,luma,8,46,5,6,113,8c75d619edb01e8fcdfa68dd157593caa404b154e42f059fd7a246a9a5dfc851,OpenCV quality path; verified equal to Pillow
50,0,luma,8,47,5,7,92,8c75d619edb01e8fcdfa68dd157593caa404b154e42f059fd7a246a9a5dfc851,OpenCV quality path; verified equal to Pillow
50,0,luma,8,48,6,0,49,8c75d619edb01e8fcdfa68dd157593caa404b154e42f059fd7a246a9a5dfc851,OpenCV quality path; verified equal to Pillow
50,0,luma,8,49,6,1,64,8c75d619edb01e8fcdfa68dd157593caa404b154e42f059fd7a246a9a5dfc851,OpenCV quality path; verified equal to Pillow
50,0,luma,8,50,6,2,78,8c75d619edb01e8fcdfa68dd157593caa404b154e42f059fd7a246a9a5dfc851,OpenCV quality path; verified equal to Pillow
50,0,luma,8,51,6,3,87,8c75d619edb01e8fcdfa68dd157593caa404b154e42f059fd7a246a9a5dfc851,OpenCV quality path; verified equal to Pillow
50,0,luma,8,52,6,4,103,8c75d619edb01e8fcdfa68dd157593caa404b154e42f059fd7a246a9a5dfc851,OpenCV quality path; verified equal to Pillow
50,0,luma,8,53,6,5,121,8c75d619edb01e8fcdfa68dd157593caa404b154e42f059fd7a246a9a5dfc851,OpenCV quality path; verified equal to Pillow
50,0,luma,8,54,6,6,120,8c75d619edb01e8fcdfa68dd157593caa404b154e42f059fd7a246a9a5dfc851,OpenCV quality path; verified equal to Pillow
50,0,luma,8,55,6,7,101,8c75d619edb01e8fcdfa68dd157593caa404b154e42f059fd7a246a9a5dfc851,OpenCV quality path; verified equal to Pillow
50,0,luma,8,56,7,0,72,8c75d619edb01e8fcdfa68dd157593caa404b154e42f059fd7a246a9a5dfc851,OpenCV quality path; verified equal to Pillow
50,0,luma,8,57,7,1,92,8c75d619edb01e8fcdfa68dd157593caa404b154e42f059fd7a246a9a5dfc851,OpenCV quality path; verified equal to Pillow
50,0,luma,8,58,7,2,95,8c75d619edb01e8fcdfa68dd157593caa404b154e42f059fd7a246a9a5dfc851,OpenCV quality path; verified equal to Pillow
50,0,luma,8,59,7,3,98,8c75d619edb01e8fcdfa68dd157593caa404b154e42f059fd7a246a9a5dfc851,OpenCV quality path; verified equal to Pillow
50,0,luma,8,60,7,4,112,8c75d619edb01e8fcdfa68dd157593caa404b154e42f059fd7a246a9a5dfc851,OpenCV quality path; verified equal to Pillow
50,0,luma,8,61,7,5,100,8c75d619edb01e8fcdfa68dd157593caa404b154e42f059fd7a246a9a5dfc851,OpenCV quality path; verified equal to Pillow
50,0,luma,8,62,7,6,103,8c75d619edb01e8fcdfa68dd157593caa404b154e42f059fd7a246a9a5dfc851,OpenCV quality path; verified equal to Pillow
50,0,luma,8,63,7,7,99,8c75d619edb01e8fcdfa68dd157593caa404b154e42f059fd7a246a9a5dfc851,OpenCV quality path; verified equal to Pillow
50,1,chroma,8,0,0,0,17,79aa13a06a0ff4f5b1de148a93eac9762da294a41ad06aafa9ce07f0cc1ce324,OpenCV quality path; verified equal to Pillow
50,1,chroma,8,1,0,1,18,79aa13a06a0ff4f5b1de148a93eac9762da294a41ad06aafa9ce07f0cc1ce324,OpenCV quality path; verified equal to Pillow
50,1,chroma,8,2,0,2,24,79aa13a06a0ff4f5b1de148a93eac9762da294a41ad06aafa9ce07f0cc1ce324,OpenCV quality path; verified equal to Pillow
50,1,chroma,8,3,0,3,47,79aa13a06a0ff4f5b1de148a93eac9762da294a41ad06aafa9ce07f0cc1ce324,OpenCV quality path; verified equal to Pillow
50,1,chroma,8,4,0,4,99,79aa13a06a0ff4f5b1de148a93eac9762da294a41ad06aafa9ce07f0cc1ce324,OpenCV quality path; verified equal to Pillow
50,1,chroma,8,5,0,5,99,79aa13a06a0ff4f5b1de148a93eac9762da294a41ad06aafa9ce07f0cc1ce324,OpenCV quality path; verified equal to Pillow
50,1,chroma,8,6,0,6,99,79aa13a06a0ff4f5b1de148a93eac9762da294a41ad06aafa9ce07f0cc1ce324,OpenCV quality path; verified equal to Pillow
50,1,chroma,8,7,0,7,99,79aa13a06a0ff4f5b1de148a93eac9762da294a41ad06aafa9ce07f0cc1ce324,OpenCV quality path; verified equal to Pillow
50,1,chroma,8,8,1,0,18,79aa13a06a0ff4f5b1de148a93eac9762da294a41ad06aafa9ce07f0cc1ce324,OpenCV quality path; verified equal to Pillow
50,1,chroma,8,9,1,1,21,79aa13a06a0ff4f5b1de148a93eac9762da294a41ad06aafa9ce07f0cc1ce324,OpenCV quality path; verified equal to Pillow
50,1,chroma,8,10,1,2,26,79aa13a06a0ff4f5b1de148a93eac9762da294a41ad06aafa9ce07f0cc1ce324,OpenCV quality path; verified equal to Pillow
50,1,chroma,8,11,1,3,66,79aa13a06a0ff4f5b1de148a93eac9762da294a41ad06aafa9ce07f0cc1ce324,OpenCV quality path; verified equal to Pillow
50,1,chroma,8,12,1,4,99,79aa13a06a0ff4f5b1de148a93eac9762da294a41ad06aafa9ce07f0cc1ce324,OpenCV quality path; verified equal to Pillow
50,1,chroma,8,13,1,5,99,79aa13a06a0ff4f5b1de148a93eac9762da294a41ad06aafa9ce07f0cc1ce324,OpenCV quality path; verified equal to Pillow
50,1,chroma,8,14,1,6,99,79aa13a06a0ff4f5b1de148a93eac9762da294a41ad06aafa9ce07f0cc1ce324,OpenCV quality path; verified equal to Pillow
50,1,chroma,8,15,1,7,99,79aa13a06a0ff4f5b1de148a93eac9762da294a41ad06aafa9ce07f0cc1ce324,OpenCV quality path; verified equal to Pillow
50,1,chroma,8,16,2,0,24,79aa13a06a0ff4f5b1de148a93eac9762da294a41ad06aafa9ce07f0cc1ce324,OpenCV quality path; verified equal to Pillow
50,1,chroma,8,17,2,1,26,79aa13a06a0ff4f5b1de148a93eac9762da294a41ad06aafa9ce07f0cc1ce324,OpenCV quality path; verified equal to Pillow
50,1,chroma,8,18,2,2,56,79aa13a06a0ff4f5b1de148a93eac9762da294a41ad06aafa9ce07f0cc1ce324,OpenCV quality path; verified equal to Pillow
50,1,chroma,8,19,2,3,99,79aa13a06a0ff4f5b1de148a93eac9762da294a41ad06aafa9ce07f0cc1ce324,OpenCV quality path; verified equal to Pillow
50,1,chroma,8,20,2,4,99,79aa13a06a0ff4f5b1de148a93eac9762da294a41ad06aafa9ce07f0cc1ce324,OpenCV quality path; verified equal to Pillow
50,1,chroma,8,21,2,5,99,79aa13a06a0ff4f5b1de148a93eac9762da294a41ad06aafa9ce07f0cc1ce324,OpenCV quality path; verified equal to Pillow
50,1,chroma,8,22,2,6,99,79aa13a06a0ff4f5b1de148a93eac9762da294a41ad06aafa9ce07f0cc1ce324,OpenCV quality path; verified equal to Pillow
50,1,chroma,8,23,2,7,99,79aa13a06a0ff4f5b1de148a93eac9762da294a41ad06aafa9ce07f0cc1ce324,OpenCV quality path; verified equal to Pillow
50,1,chroma,8,24,3,0,47,79aa13a06a0ff4f5b1de148a93eac9762da294a41ad06aafa9ce07f0cc1ce324,OpenCV quality path; verified equal to Pillow
50,1,chroma,8,25,3,1,66,79aa13a06a0ff4f5b1de148a93eac9762da294a41ad06aafa9ce07f0cc1ce324,OpenCV quality path; verified equal to Pillow
50,1,chroma,8,26,3,2,99,79aa13a06a0ff4f5b1de148a93eac9762da294a41ad06aafa9ce07f0cc1ce324,OpenCV quality path; verified equal to Pillow
50,1,chroma,8,27,3,3,99,79aa13a06a0ff4f5b1de148a93eac9762da294a41ad06aafa9ce07f0cc1ce324,OpenCV quality path; verified equal to Pillow
50,1,chroma,8,28,3,4,99,79aa13a06a0ff4f5b1de148a93eac9762da294a41ad06aafa9ce07f0cc1ce324,OpenCV quality path; verified equal to Pillow
50,1,chroma,8,29,3,5,99,79aa13a06a0ff4f5b1de148a93eac9762da294a41ad06aafa9ce07f0cc1ce324,OpenCV quality path; verified equal to Pillow
50,1,chroma,8,30,3,6,99,79aa13a06a0ff4f5b1de148a93eac9762da294a41ad06aafa9ce07f0cc1ce324,OpenCV quality path; verified equal to Pillow
50,1,chroma,8,31,3,7,99,79aa13a06a0ff4f5b1de148a93eac9762da294a41ad06aafa9ce07f0cc1ce324,OpenCV quality path; verified equal to Pillow
50,1,chroma,8,32,4,0,99,79aa13a06a0ff4f5b1de148a93eac9762da294a41ad06aafa9ce07f0cc1ce324,OpenCV quality path; verified equal to Pillow
50,1,chroma,8,33,4,1,99,79aa13a06a0ff4f5b1de148a93eac9762da294a41ad06aafa9ce07f0cc1ce324,OpenCV quality path; verified equal to Pillow
50,1,chroma,8,34,4,2,99,79aa13a06a0ff4f5b1de148a93eac9762da294a41ad06aafa9ce07f0cc1ce324,OpenCV quality path; verified equal to Pillow
50,1,chroma,8,35,4,3,99,79aa13a06a0ff4f5b1de148a93eac9762da294a41ad06aafa9ce07f0cc1ce324,OpenCV quality path; verified equal to Pillow
50,1,chroma,8,36,4,4,99,79aa13a06a0ff4f5b1de148a93eac9762da294a41ad06aafa9ce07f0cc1ce324,OpenCV quality path; verified equal to Pillow
50,1,chroma,8,37,4,5,99,79aa13a06a0ff4f5b1de148a93eac9762da294a41ad06aafa9ce07f0cc1ce324,OpenCV quality path; verified equal to Pillow
50,1,chroma,8,38,4,6,99,79aa13a06a0ff4f5b1de148a93eac9762da294a41ad06aafa9ce07f0cc1ce324,OpenCV quality path; verified equal to Pillow
50,1,chroma,8,39,4,7,99,79aa13a06a0ff4f5b1de148a93eac9762da294a41ad06aafa9ce07f0cc1ce324,OpenCV quality path; verified equal to Pillow
50,1,chroma,8,40,5,0,99,79aa13a06a0ff4f5b1de148a93eac9762da294a41ad06aafa9ce07f0cc1ce324,OpenCV quality path; verified equal to Pillow
50,1,chroma,8,41,5,1,99,79aa13a06a0ff4f5b1de148a93eac9762da294a41ad06aafa9ce07f0cc1ce324,OpenCV quality path; verified equal to Pillow
50,1,chroma,8,42,5,2,99,79aa13a06a0ff4f5b1de148a93eac9762da294a41ad06aafa9ce07f0cc1ce324,OpenCV quality path; verified equal to Pillow
50,1,chroma,8,43,5,3,99,79aa13a06a0ff4f5b1de148a93eac9762da294a41ad06aafa9ce07f0cc1ce324,OpenCV quality path; verified equal to Pillow
50,1,chroma,8,44,5,4,99,79aa13a06a0ff4f5b1de148a93eac9762da294a41ad06aafa9ce07f0cc1ce324,OpenCV quality path; verified equal to Pillow
50,1,chroma,8,45,5,5,99,79aa13a06a0ff4f5b1de148a93eac9762da294a41ad06aafa9ce07f0cc1ce324,OpenCV quality path; verified equal to Pillow
50,1,chroma,8,46,5,6,99,79aa13a06a0ff4f5b1de148a93eac9762da294a41ad06aafa9ce07f0cc1ce324,OpenCV quality path; verified equal to Pillow
50,1,chroma,8,47,5,7,99,79aa13a06a0ff4f5b1de148a93eac9762da294a41ad06aafa9ce07f0cc1ce324,OpenCV quality path; verified equal to Pillow
50,1,chroma,8,48,6,0,99,79aa13a06a0ff4f5b1de148a93eac9762da294a41ad06aafa9ce07f0cc1ce324,OpenCV quality path; verified equal to Pillow
50,1,chroma,8,49,6,1,99,79aa13a06a0ff4f5b1de148a93eac9762da294a41ad06aafa9ce07f0cc1ce324,OpenCV quality path; verified equal to Pillow
50,1,chroma,8,50,6,2,99,79aa13a06a0ff4f5b1de148a93eac9762da294a41ad06aafa9ce07f0cc1ce324,OpenCV quality path; verified equal to Pillow
50,1,chroma,8,51,6,3,99,79aa13a06a0ff4f5b1de148a93eac9762da294a41ad06aafa9ce07f0cc1ce324,OpenCV quality path; verified equal to Pillow
50,1,chroma,8,52,6,4,99,79aa13a06a0ff4f5b1de148a93eac9762da294a41ad06aafa9ce07f0cc1ce324,OpenCV quality path; verified equal to Pillow
50,1,chroma,8,53,6,5,99,79aa13a06a0ff4f5b1de148a93eac9762da294a41ad06aafa9ce07f0cc1ce324,OpenCV quality path; verified equal to Pillow
50,1,chroma,8,54,6,6,99,79aa13a06a0ff4f5b1de148a93eac9762da294a41ad06aafa9ce07f0cc1ce324,OpenCV quality path; verified equal to Pillow
50,1,chroma,8,55,6,7,99,79aa13a06a0ff4f5b1de148a93eac9762da294a41ad06aafa9ce07f0cc1ce324,OpenCV quality path; verified equal to Pillow
50,1,chroma,8,56,7,0,99,79aa13a06a0ff4f5b1de148a93eac9762da294a41ad06aafa9ce07f0cc1ce324,OpenCV quality path; verified equal to Pillow
50,1,chroma,8,57,7,1,99,79aa13a06a0ff4f5b1de148a93eac9762da294a41ad06aafa9ce07f0cc1ce324,OpenCV quality path; verified equal to Pillow
50,1,chroma,8,58,7,2,99,79aa13a06a0ff4f5b1de148a93eac9762da294a41ad06aafa9ce07f0cc1ce324,OpenCV quality path; verified equal to Pillow
50,1,chroma,8,59,7,3,99,79aa13a06a0ff4f5b1de148a93eac9762da294a41ad06aafa9ce07f0cc1ce324,OpenCV quality path; verified equal to Pillow
50,1,chroma,8,60,7,4,99,79aa13a06a0ff4f5b1de148a93eac9762da294a41ad06aafa9ce07f0cc1ce324,OpenCV quality path; verified equal to Pillow
50,1,chroma,8,61,7,5,99,79aa13a06a0ff4f5b1de148a93eac9762da294a41ad06aafa9ce07f0cc1ce324,OpenCV quality path; verified equal to Pillow
50,1,chroma,8,62,7,6,99,79aa13a06a0ff4f5b1de148a93eac9762da294a41ad06aafa9ce07f0cc1ce324,OpenCV quality path; verified equal to Pillow
50,1,chroma,8,63,7,7,99,79aa13a06a0ff4f5b1de148a93eac9762da294a41ad06aafa9ce07f0cc1ce324,OpenCV quality path; verified equal to Pillow
75,0,luma,8,0,0,0,8,c8e944a0a3127474b8c0edf82427402c17f29673f5a4b04db41bb2263ffa8d86,OpenCV quality path; verified equal to Pillow
75,0,luma,8,1,0,1,6,c8e944a0a3127474b8c0edf82427402c17f29673f5a4b04db41bb2263ffa8d86,OpenCV quality path; verified equal to Pillow
75,0,luma,8,2,0,2,5,c8e944a0a3127474b8c0edf82427402c17f29673f5a4b04db41bb2263ffa8d86,OpenCV quality path; verified equal to Pillow
75,0,luma,8,3,0,3,8,c8e944a0a3127474b8c0edf82427402c17f29673f5a4b04db41bb2263ffa8d86,OpenCV quality path; verified equal to Pillow
75,0,luma,8,4,0,4,12,c8e944a0a3127474b8c0edf82427402c17f29673f5a4b04db41bb2263ffa8d86,OpenCV quality path; verified equal to Pillow
75,0,luma,8,5,0,5,20,c8e944a0a3127474b8c0edf82427402c17f29673f5a4b04db41bb2263ffa8d86,OpenCV quality path; verified equal to Pillow
75,0,luma,8,6,0,6,26,c8e944a0a3127474b8c0edf82427402c17f29673f5a4b04db41bb2263ffa8d86,OpenCV quality path; verified equal to Pillow
75,0,luma,8,7,0,7,31,c8e944a0a3127474b8c0edf82427402c17f29673f5a4b04db41bb2263ffa8d86,OpenCV quality path; verified equal to Pillow
75,0,luma,8,8,1,0,6,c8e944a0a3127474b8c0edf82427402c17f29673f5a4b04db41bb2263ffa8d86,OpenCV quality path; verified equal to Pillow
75,0,luma,8,9,1,1,6,c8e944a0a3127474b8c0edf82427402c17f29673f5a4b04db41bb2263ffa8d86,OpenCV quality path; verified equal to Pillow
75,0,luma,8,10,1,2,7,c8e944a0a3127474b8c0edf82427402c17f29673f5a4b04db41bb2263ffa8d86,OpenCV quality path; verified equal to Pillow
75,0,luma,8,11,1,3,10,c8e944a0a3127474b8c0edf82427402c17f29673f5a4b04db41bb2263ffa8d86,OpenCV quality path; verified equal to Pillow
75,0,luma,8,12,1,4,13,c8e944a0a3127474b8c0edf82427402c17f29673f5a4b04db41bb2263ffa8d86,OpenCV quality path; verified equal to Pillow
75,0,luma,8,13,1,5,29,c8e944a0a3127474b8c0edf82427402c17f29673f5a4b04db41bb2263ffa8d86,OpenCV quality path; verified equal to Pillow
75,0,luma,8,14,1,6,30,c8e944a0a3127474b8c0edf82427402c17f29673f5a4b04db41bb2263ffa8d86,OpenCV quality path; verified equal to Pillow
75,0,luma,8,15,1,7,28,c8e944a0a3127474b8c0edf82427402c17f29673f5a4b04db41bb2263ffa8d86,OpenCV quality path; verified equal to Pillow
75,0,luma,8,16,2,0,7,c8e944a0a3127474b8c0edf82427402c17f29673f5a4b04db41bb2263ffa8d86,OpenCV quality path; verified equal to Pillow
75,0,luma,8,17,2,1,7,c8e944a0a3127474b8c0edf82427402c17f29673f5a4b04db41bb2263ffa8d86,OpenCV quality path; verified equal to Pillow
75,0,luma,8,18,2,2,8,c8e944a0a3127474b8c0edf82427402c17f29673f5a4b04db41bb2263ffa8d86,OpenCV quality path; verified equal to Pillow
75,0,luma,8,19,2,3,12,c8e944a0a3127474b8c0edf82427402c17f29673f5a4b04db41bb2263ffa8d86,OpenCV quality path; verified equal to Pillow
75,0,luma,8,20,2,4,20,c8e944a0a3127474b8c0edf82427402c17f29673f5a4b04db41bb2263ffa8d86,OpenCV quality path; verified equal to Pillow
75,0,luma,8,21,2,5,29,c8e944a0a3127474b8c0edf82427402c17f29673f5a4b04db41bb2263ffa8d86,OpenCV quality path; verified equal to Pillow
75,0,luma,8,22,2,6,35,c8e944a0a3127474b8c0edf82427402c17f29673f5a4b04db41bb2263ffa8d86,OpenCV quality path; verified equal to Pillow
75,0,luma,8,23,2,7,28,c8e944a0a3127474b8c0edf82427402c17f29673f5a4b04db41bb2263ffa8d86,OpenCV quality path; verified equal to Pillow
75,0,luma,8,24,3,0,7,c8e944a0a3127474b8c0edf82427402c17f29673f5a4b04db41bb2263ffa8d86,OpenCV quality path; verified equal to Pillow
75,0,luma,8,25,3,1,9,c8e944a0a3127474b8c0edf82427402c17f29673f5a4b04db41bb2263ffa8d86,OpenCV quality path; verified equal to Pillow
75,0,luma,8,26,3,2,11,c8e944a0a3127474b8c0edf82427402c17f29673f5a4b04db41bb2263ffa8d86,OpenCV quality path; verified equal to Pillow
75,0,luma,8,27,3,3,15,c8e944a0a3127474b8c0edf82427402c17f29673f5a4b04db41bb2263ffa8d86,OpenCV quality path; verified equal to Pillow
75,0,luma,8,28,3,4,26,c8e944a0a3127474b8c0edf82427402c17f29673f5a4b04db41bb2263ffa8d86,OpenCV quality path; verified equal to Pillow
75,0,luma,8,29,3,5,44,c8e944a0a3127474b8c0edf82427402c17f29673f5a4b04db41bb2263ffa8d86,OpenCV quality path; verified equal to Pillow
75,0,luma,8,30,3,6,40,c8e944a0a3127474b8c0edf82427402c17f29673f5a4b04db41bb2263ffa8d86,OpenCV quality path; verified equal to Pillow
75,0,luma,8,31,3,7,31,c8e944a0a3127474b8c0edf82427402c17f29673f5a4b04db41bb2263ffa8d86,OpenCV quality path; verified equal to Pillow
75,0,luma,8,32,4,0,9,c8e944a0a3127474b8c0edf82427402c17f29673f5a4b04db41bb2263ffa8d86,OpenCV quality path; verified equal to Pillow
75,0,luma,8,33,4,1,11,c8e944a0a3127474b8c0edf82427402c17f29673f5a4b04db41bb2263ffa8d86,OpenCV quality path; verified equal to Pillow
75,0,luma,8,34,4,2,19,c8e944a0a3127474b8c0edf82427402c17f29673f5a4b04db41bb2263ffa8d86,OpenCV quality path; verified equal to Pillow
75,0,luma,8,35,4,3,28,c8e944a0a3127474b8c0edf82427402c17f29673f5a4b04db41bb2263ffa8d86,OpenCV quality path; verified equal to Pillow
75,0,luma,8,36,4,4,34,c8e944a0a3127474b8c0edf82427402c17f29673f5a4b04db41bb2263ffa8d86,OpenCV quality path; verified equal to Pillow
75,0,luma,8,37,4,5,55,c8e944a0a3127474b8c0edf82427402c17f29673f5a4b04db41bb2263ffa8d86,OpenCV quality path; verified equal to Pillow
75,0,luma,8,38,4,6,52,c8e944a0a3127474b8c0edf82427402c17f29673f5a4b04db41bb2263ffa8d86,OpenCV quality path; verified equal to Pillow
75,0,luma,8,39,4,7,39,c8e944a0a3127474b8c0edf82427402c17f29673f5a4b04db41bb2263ffa8d86,OpenCV quality path; verified equal to Pillow
75,0,luma,8,40,5,0,12,c8e944a0a3127474b8c0edf82427402c17f29673f5a4b04db41bb2263ffa8d86,OpenCV quality path; verified equal to Pillow
75,0,luma,8,41,5,1,18,c8e944a0a3127474b8c0edf82427402c17f29673f5a4b04db41bb2263ffa8d86,OpenCV quality path; verified equal to Pillow
75,0,luma,8,42,5,2,28,c8e944a0a3127474b8c0edf82427402c17f29673f5a4b04db41bb2263ffa8d86,OpenCV quality path; verified equal to Pillow
75,0,luma,8,43,5,3,32,c8e944a0a3127474b8c0edf82427402c17f29673f5a4b04db41bb2263ffa8d86,OpenCV quality path; verified equal to Pillow
75,0,luma,8,44,5,4,41,c8e944a0a3127474b8c0edf82427402c17f29673f5a4b04db41bb2263ffa8d86,OpenCV quality path; verified equal to Pillow
75,0,luma,8,45,5,5,52,c8e944a0a3127474b8c0edf82427402c17f29673f5a4b04db41bb2263ffa8d86,OpenCV quality path; verified equal to Pillow
75,0,luma,8,46,5,6,57,c8e944a0a3127474b8c0edf82427402c17f29673f5a4b04db41bb2263ffa8d86,OpenCV quality path; verified equal to Pillow
75,0,luma,8,47,5,7,46,c8e944a0a3127474b8c0edf82427402c17f29673f5a4b04db41bb2263ffa8d86,OpenCV quality path; verified equal to Pillow
75,0,luma,8,48,6,0,25,c8e944a0a3127474b8c0edf82427402c17f29673f5a4b04db41bb2263ffa8d86,OpenCV quality path; verified equal to Pillow
75,0,luma,8,49,6,1,32,c8e944a0a3127474b8c0edf82427402c17f29673f5a4b04db41bb2263ffa8d86,OpenCV quality path; verified equal to Pillow
75,0,luma,8,50,6,2,39,c8e944a0a3127474b8c0edf82427402c17f29673f5a4b04db41bb2263ffa8d86,OpenCV quality path; verified equal to Pillow
75,0,luma,8,51,6,3,44,c8e944a0a3127474b8c0edf82427402c17f29673f5a4b04db41bb2263ffa8d86,OpenCV quality path; verified equal to Pillow
75,0,luma,8,52,6,4,52,c8e944a0a3127474b8c0edf82427402c17f29673f5a4b04db41bb2263ffa8d86,OpenCV quality path; verified equal to Pillow
75,0,luma,8,53,6,5,61,c8e944a0a3127474b8c0edf82427402c17f29673f5a4b04db41bb2263ffa8d86,OpenCV quality path; verified equal to Pillow
75,0,luma,8,54,6,6,60,c8e944a0a3127474b8c0edf82427402c17f29673f5a4b04db41bb2263ffa8d86,OpenCV quality path; verified equal to Pillow
75,0,luma,8,55,6,7,51,c8e944a0a3127474b8c0edf82427402c17f29673f5a4b04db41bb2263ffa8d86,OpenCV quality path; verified equal to Pillow
75,0,luma,8,56,7,0,36,c8e944a0a3127474b8c0edf82427402c17f29673f5a4b04db41bb2263ffa8d86,OpenCV quality path; verified equal to Pillow
75,0,luma,8,57,7,1,46,c8e944a0a3127474b8c0edf82427402c17f29673f5a4b04db41bb2263ffa8d86,OpenCV quality path; verified equal to Pillow
75,0,luma,8,58,7,2,48,c8e944a0a3127474b8c0edf82427402c17f29673f5a4b04db41bb2263ffa8d86,OpenCV quality path; verified equal to Pillow
75,0,luma,8,59,7,3,49,c8e944a0a3127474b8c0edf82427402c17f29673f5a4b04db41bb2263ffa8d86,OpenCV quality path; verified equal to Pillow
75,0,luma,8,60,7,4,56,c8e944a0a3127474b8c0edf82427402c17f29673f5a4b04db41bb2263ffa8d86,OpenCV quality path; verified equal to Pillow
75,0,luma,8,61,7,5,50,c8e944a0a3127474b8c0edf82427402c17f29673f5a4b04db41bb2263ffa8d86,OpenCV quality path; verified equal to Pillow
75,0,luma,8,62,7,6,52,c8e944a0a3127474b8c0edf82427402c17f29673f5a4b04db41bb2263ffa8d86,OpenCV quality path; verified equal to Pillow
75,0,luma,8,63,7,7,50,c8e944a0a3127474b8c0edf82427402c17f29673f5a4b04db41bb2263ffa8d86,OpenCV quality path; verified equal to Pillow
75,1,chroma,8,0,0,0,9,ac1dc40534c59965ff819e56bda6a4c8b709c66015113f819cdbe2d8066f4a61,OpenCV quality path; verified equal to Pillow
75,1,chroma,8,1,0,1,9,ac1dc40534c59965ff819e56bda6a4c8b709c66015113f819cdbe2d8066f4a61,OpenCV quality path; verified equal to Pillow
75,1,chroma,8,2,0,2,12,ac1dc40534c59965ff819e56bda6a4c8b709c66015113f819cdbe2d8066f4a61,OpenCV quality path; verified equal to Pillow
75,1,chroma,8,3,0,3,24,ac1dc40534c59965ff819e56bda6a4c8b709c66015113f819cdbe2d8066f4a61,OpenCV quality path; verified equal to Pillow
75,1,chroma,8,4,0,4,50,ac1dc40534c59965ff819e56bda6a4c8b709c66015113f819cdbe2d8066f4a61,OpenCV quality path; verified equal to Pillow
75,1,chroma,8,5,0,5,50,ac1dc40534c59965ff819e56bda6a4c8b709c66015113f819cdbe2d8066f4a61,OpenCV quality path; verified equal to Pillow
75,1,chroma,8,6,0,6,50,ac1dc40534c59965ff819e56bda6a4c8b709c66015113f819cdbe2d8066f4a61,OpenCV quality path; verified equal to Pillow
75,1,chroma,8,7,0,7,50,ac1dc40534c59965ff819e56bda6a4c8b709c66015113f819cdbe2d8066f4a61,OpenCV quality path; verified equal to Pillow
75,1,chroma,8,8,1,0,9,ac1dc40534c59965ff819e56bda6a4c8b709c66015113f819cdbe2d8066f4a61,OpenCV quality path; verified equal to Pillow
75,1,chroma,8,9,1,1,11,ac1dc40534c59965ff819e56bda6a4c8b709c66015113f819cdbe2d8066f4a61,OpenCV quality path; verified equal to Pillow
75,1,chroma,8,10,1,2,13,ac1dc40534c59965ff819e56bda6a4c8b709c66015113f819cdbe2d8066f4a61,OpenCV quality path; verified equal to Pillow
75,1,chroma,8,11,1,3,33,ac1dc40534c59965ff819e56bda6a4c8b709c66015113f819cdbe2d8066f4a61,OpenCV quality path; verified equal to Pillow
75,1,chroma,8,12,1,4,50,ac1dc40534c59965ff819e56bda6a4c8b709c66015113f819cdbe2d8066f4a61,OpenCV quality path; verified equal to Pillow
75,1,chroma,8,13,1,5,50,ac1dc40534c59965ff819e56bda6a4c8b709c66015113f819cdbe2d8066f4a61,OpenCV quality path; verified equal to Pillow
75,1,chroma,8,14,1,6,50,ac1dc40534c59965ff819e56bda6a4c8b709c66015113f819cdbe2d8066f4a61,OpenCV quality path; verified equal to Pillow
75,1,chroma,8,15,1,7,50,ac1dc40534c59965ff819e56bda6a4c8b709c66015113f819cdbe2d8066f4a61,OpenCV quality path; verified equal to Pillow
75,1,chroma,8,16,2,0,12,ac1dc40534c59965ff819e56bda6a4c8b709c66015113f819cdbe2d8066f4a61,OpenCV quality path; verified equal to Pillow
75,1,chroma,8,17,2,1,13,ac1dc40534c59965ff819e56bda6a4c8b709c66015113f819cdbe2d8066f4a61,OpenCV quality path; verified equal to Pillow
75,1,chroma,8,18,2,2,28,ac1dc40534c59965ff819e56bda6a4c8b709c66015113f819cdbe2d8066f4a61,OpenCV quality path; verified equal to Pillow
75,1,chroma,8,19,2,3,50,ac1dc40534c59965ff819e56bda6a4c8b709c66015113f819cdbe2d8066f4a61,OpenCV quality path; verified equal to Pillow
75,1,chroma,8,20,2,4,50,ac1dc40534c59965ff819e56bda6a4c8b709c66015113f819cdbe2d8066f4a61,OpenCV quality path; verified equal to Pillow
75,1,chroma,8,21,2,5,50,ac1dc40534c59965ff819e56bda6a4c8b709c66015113f819cdbe2d8066f4a61,OpenCV quality path; verified equal to Pillow
75,1,chroma,8,22,2,6,50,ac1dc40534c59965ff819e56bda6a4c8b709c66015113f819cdbe2d8066f4a61,OpenCV quality path; verified equal to Pillow
75,1,chroma,8,23,2,7,50,ac1dc40534c59965ff819e56bda6a4c8b709c66015113f819cdbe2d8066f4a61,OpenCV quality path; verified equal to Pillow
75,1,chroma,8,24,3,0,24,ac1dc40534c59965ff819e56bda6a4c8b709c66015113f819cdbe2d8066f4a61,OpenCV quality path; verified equal to Pillow
75,1,chroma,8,25,3,1,33,ac1dc40534c59965ff819e56bda6a4c8b709c66015113f819cdbe2d8066f4a61,OpenCV quality path; verified equal to Pillow
75,1,chroma,8,26,3,2,50,ac1dc40534c59965ff819e56bda6a4c8b709c66015113f819cdbe2d8066f4a61,OpenCV quality path; verified equal to Pillow
75,1,chroma,8,27,3,3,50,ac1dc40534c59965ff819e56bda6a4c8b709c66015113f819cdbe2d8066f4a61,OpenCV quality path; verified equal to Pillow
75,1,chroma,8,28,3,4,50,ac1dc40534c59965ff819e56bda6a4c8b709c66015113f819cdbe2d8066f4a61,OpenCV quality path; verified equal to Pillow
75,1,chroma,8,29,3,5,50,ac1dc40534c59965ff819e56bda6a4c8b709c66015113f819cdbe2d8066f4a61,OpenCV quality path; verified equal to Pillow
75,1,chroma,8,30,3,6,50,ac1dc40534c59965ff819e56bda6a4c8b709c66015113f819cdbe2d8066f4a61,OpenCV quality path; verified equal to Pillow
75,1,chroma,8,31,3,7,50,ac1dc40534c59965ff819e56bda6a4c8b709c66015113f819cdbe2d8066f4a61,OpenCV quality path; verified equal to Pillow
75,1,chroma,8,32,4,0,50,ac1dc40534c59965ff819e56bda6a4c8b709c66015113f819cdbe2d8066f4a61,OpenCV quality path; verified equal to Pillow
75,1,chroma,8,33,4,1,50,ac1dc40534c59965ff819e56bda6a4c8b709c66015113f819cdbe2d8066f4a61,OpenCV quality path; verified equal to Pillow
75,1,chroma,8,34,4,2,50,ac1dc40534c59965ff819e56bda6a4c8b709c66015113f819cdbe2d8066f4a61,OpenCV quality path; verified equal to Pillow
75,1,chroma,8,35,4,3,50,ac1dc40534c59965ff819e56bda6a4c8b709c66015113f819cdbe2d8066f4a61,OpenCV quality path; verified equal to Pillow
75,1,chroma,8,36,4,4,50,ac1dc40534c59965ff819e56bda6a4c8b709c66015113f819cdbe2d8066f4a61,OpenCV quality path; verified equal to Pillow
75,1,chroma,8,37,4,5,50,ac1dc40534c59965ff819e56bda6a4c8b709c66015113f819cdbe2d8066f4a61,OpenCV quality path; verified equal to Pillow
75,1,chroma,8,38,4,6,50,ac1dc40534c59965ff819e56bda6a4c8b709c66015113f819cdbe2d8066f4a61,OpenCV quality path; verified equal to Pillow
75,1,chroma,8,39,4,7,50,ac1dc40534c59965ff819e56bda6a4c8b709c66015113f819cdbe2d8066f4a61,OpenCV quality path; verified equal to Pillow
75,1,chroma,8,40,5,0,50,ac1dc40534c59965ff819e56bda6a4c8b709c66015113f819cdbe2d8066f4a61,OpenCV quality path; verified equal to Pillow
75,1,chroma,8,41,5,1,50,ac1dc40534c59965ff819e56bda6a4c8b709c66015113f819cdbe2d8066f4a61,OpenCV quality path; verified equal to Pillow
75,1,chroma,8,42,5,2,50,ac1dc40534c59965ff819e56bda6a4c8b709c66015113f819cdbe2d8066f4a61,OpenCV quality path; verified equal to Pillow
75,1,chroma,8,43,5,3,50,ac1dc40534c59965ff819e56bda6a4c8b709c66015113f819cdbe2d8066f4a61,OpenCV quality path; verified equal to Pillow
75,1,chroma,8,44,5,4,50,ac1dc40534c59965ff819e56bda6a4c8b709c66015113f819cdbe2d8066f4a61,OpenCV quality path; verified equal to Pillow
75,1,chroma,8,45,5,5,50,ac1dc40534c59965ff819e56bda6a4c8b709c66015113f819cdbe2d8066f4a61,OpenCV quality path; verified equal to Pillow
75,1,chroma,8,46,5,6,50,ac1dc40534c59965ff819e56bda6a4c8b709c66015113f819cdbe2d8066f4a61,OpenCV quality path; verified equal to Pillow
75,1,chroma,8,47,5,7,50,ac1dc40534c59965ff819e56bda6a4c8b709c66015113f819cdbe2d8066f4a61,OpenCV quality path; verified equal to Pillow
75,1,chroma,8,48,6,0,50,ac1dc40534c59965ff819e56bda6a4c8b709c66015113f819cdbe2d8066f4a61,OpenCV quality path; verified equal to Pillow
75,1,chroma,8,49,6,1,50,ac1dc40534c59965ff819e56bda6a4c8b709c66015113f819cdbe2d8066f4a61,OpenCV quality path; verified equal to Pillow
75,1,chroma,8,50,6,2,50,ac1dc40534c59965ff819e56bda6a4c8b709c66015113f819cdbe2d8066f4a61,OpenCV quality path; verified equal to Pillow
75,1,chroma,8,51,6,3,50,ac1dc40534c59965ff819e56bda6a4c8b709c66015113f819cdbe2d8066f4a61,OpenCV quality path; verified equal to Pillow
75,1,chroma,8,52,6,4,50,ac1dc40534c59965ff819e56bda6a4c8b709c66015113f819cdbe2d8066f4a61,OpenCV quality path; verified equal to Pillow
75,1,chroma,8,53,6,5,50,ac1dc40534c59965ff819e56bda6a4c8b709c66015113f819cdbe2d8066f4a61,OpenCV quality path; verified equal to Pillow
75,1,chroma,8,54,6,6,50,ac1dc40534c59965ff819e56bda6a4c8b709c66015113f819cdbe2d8066f4a61,OpenCV quality path; verified equal to Pillow
75,1,chroma,8,55,6,7,50,ac1dc40534c59965ff819e56bda6a4c8b709c66015113f819cdbe2d8066f4a61,OpenCV quality path; verified equal to Pillow
75,1,chroma,8,56,7,0,50,ac1dc40534c59965ff819e56bda6a4c8b709c66015113f819cdbe2d8066f4a61,OpenCV quality path; verified equal to Pillow
75,1,chroma,8,57,7,1,50,ac1dc40534c59965ff819e56bda6a4c8b709c66015113f819cdbe2d8066f4a61,OpenCV quality path; verified equal to Pillow
75,1,chroma,8,58,7,2,50,ac1dc40534c59965ff819e56bda6a4c8b709c66015113f819cdbe2d8066f4a61,OpenCV quality path; verified equal to Pillow
75,1,chroma,8,59,7,3,50,ac1dc40534c59965ff819e56bda6a4c8b709c66015113f819cdbe2d8066f4a61,OpenCV quality path; verified equal to Pillow
75,1,chroma,8,60,7,4,50,ac1dc40534c59965ff819e56bda6a4c8b709c66015113f819cdbe2d8066f4a61,OpenCV quality path; verified equal to Pillow
75,1,chroma,8,61,7,5,50,ac1dc40534c59965ff819e56bda6a4c8b709c66015113f819cdbe2d8066f4a61,OpenCV quality path; verified equal to Pillow
75,1,chroma,8,62,7,6,50,ac1dc40534c59965ff819e56bda6a4c8b709c66015113f819cdbe2d8066f4a61,OpenCV quality path; verified equal to Pillow
75,1,chroma,8,63,7,7,50,ac1dc40534c59965ff819e56bda6a4c8b709c66015113f819cdbe2d8066f4a61,OpenCV quality path; verified equal to Pillow
95,0,luma,8,0,0,0,2,ede30c8a46ae17731300e423550394e6c255a5615e794f7f2e0cfe3013c9146a,OpenCV quality path; verified equal to Pillow
95,0,luma,8,1,0,1,1,ede30c8a46ae17731300e423550394e6c255a5615e794f7f2e0cfe3013c9146a,OpenCV quality path; verified equal to Pillow
95,0,luma,8,2,0,2,1,ede30c8a46ae17731300e423550394e6c255a5615e794f7f2e0cfe3013c9146a,OpenCV quality path; verified equal to Pillow
95,0,luma,8,3,0,3,2,ede30c8a46ae17731300e423550394e6c255a5615e794f7f2e0cfe3013c9146a,OpenCV quality path; verified equal to Pillow
95,0,luma,8,4,0,4,2,ede30c8a46ae17731300e423550394e6c255a5615e794f7f2e0cfe3013c9146a,OpenCV quality path; verified equal to Pillow
95,0,luma,8,5,0,5,4,ede30c8a46ae17731300e423550394e6c255a5615e794f7f2e0cfe3013c9146a,OpenCV quality path; verified equal to Pillow
95,0,luma,8,6,0,6,5,ede30c8a46ae17731300e423550394e6c255a5615e794f7f2e0cfe3013c9146a,OpenCV quality path; verified equal to Pillow
95,0,luma,8,7,0,7,6,ede30c8a46ae17731300e423550394e6c255a5615e794f7f2e0cfe3013c9146a,OpenCV quality path; verified equal to Pillow
95,0,luma,8,8,1,0,1,ede30c8a46ae17731300e423550394e6c255a5615e794f7f2e0cfe3013c9146a,OpenCV quality path; verified equal to Pillow
95,0,luma,8,9,1,1,1,ede30c8a46ae17731300e423550394e6c255a5615e794f7f2e0cfe3013c9146a,OpenCV quality path; verified equal to Pillow
95,0,luma,8,10,1,2,1,ede30c8a46ae17731300e423550394e6c255a5615e794f7f2e0cfe3013c9146a,OpenCV quality path; verified equal to Pillow
95,0,luma,8,11,1,3,2,ede30c8a46ae17731300e423550394e6c255a5615e794f7f2e0cfe3013c9146a,OpenCV quality path; verified equal to Pillow
95,0,luma,8,12,1,4,3,ede30c8a46ae17731300e423550394e6c255a5615e794f7f2e0cfe3013c9146a,OpenCV quality path; verified equal to Pillow
95,0,luma,8,13,1,5,6,ede30c8a46ae17731300e423550394e6c255a5615e794f7f2e0cfe3013c9146a,OpenCV quality path; verified equal to Pillow
95,0,luma,8,14,1,6,6,ede30c8a46ae17731300e423550394e6c255a5615e794f7f2e0cfe3013c9146a,OpenCV quality path; verified equal to Pillow
95,0,luma,8,15,1,7,6,ede30c8a46ae17731300e423550394e6c255a5615e794f7f2e0cfe3013c9146a,OpenCV quality path; verified equal to Pillow
95,0,luma,8,16,2,0,1,ede30c8a46ae17731300e423550394e6c255a5615e794f7f2e0cfe3013c9146a,OpenCV quality path; verified equal to Pillow
95,0,luma,8,17,2,1,1,ede30c8a46ae17731300e423550394e6c255a5615e794f7f2e0cfe3013c9146a,OpenCV quality path; verified equal to Pillow
95,0,luma,8,18,2,2,2,ede30c8a46ae17731300e423550394e6c255a5615e794f7f2e0cfe3013c9146a,OpenCV quality path; verified equal to Pillow
95,0,luma,8,19,2,3,2,ede30c8a46ae17731300e423550394e6c255a5615e794f7f2e0cfe3013c9146a,OpenCV quality path; verified equal to Pillow
95,0,luma,8,20,2,4,4,ede30c8a46ae17731300e423550394e6c255a5615e794f7f2e0cfe3013c9146a,OpenCV quality path; verified equal to Pillow
95,0,luma,8,21,2,5,6,ede30c8a46ae17731300e423550394e6c255a5615e794f7f2e0cfe3013c9146a,OpenCV quality path; verified equal to Pillow
95,0,luma,8,22,2,6,7,ede30c8a46ae17731300e423550394e6c255a5615e794f7f2e0cfe3013c9146a,OpenCV quality path; verified equal to Pillow
95,0,luma,8,23,2,7,6,ede30c8a46ae17731300e423550394e6c255a5615e794f7f2e0cfe3013c9146a,OpenCV quality path; verified equal to Pillow
95,0,luma,8,24,3,0,1,ede30c8a46ae17731300e423550394e6c255a5615e794f7f2e0cfe3013c9146a,OpenCV quality path; verified equal to Pillow
95,0,luma,8,25,3,1,2,ede30c8a46ae17731300e423550394e6c255a5615e794f7f2e0cfe3013c9146a,OpenCV quality path; verified equal to Pillow
95,0,luma,8,26,3,2,2,ede30c8a46ae17731300e423550394e6c255a5615e794f7f2e0cfe3013c9146a,OpenCV quality path; verified equal to Pillow
95,0,luma,8,27,3,3,3,ede30c8a46ae17731300e423550394e6c255a5615e794f7f2e0cfe3013c9146a,OpenCV quality path; verified equal to Pillow
95,0,luma,8,28,3,4,5,ede30c8a46ae17731300e423550394e6c255a5615e794f7f2e0cfe3013c9146a,OpenCV quality path; verified equal to Pillow
95,0,luma,8,29,3,5,9,ede30c8a46ae17731300e423550394e6c255a5615e794f7f2e0cfe3013c9146a,OpenCV quality path; verified equal to Pillow
95,0,luma,8,30,3,6,8,ede30c8a46ae17731300e423550394e6c255a5615e794f7f2e0cfe3013c9146a,OpenCV quality path; verified equal to Pillow
95,0,luma,8,31,3,7,6,ede30c8a46ae17731300e423550394e6c255a5615e794f7f2e0cfe3013c9146a,OpenCV quality path; verified equal to Pillow
95,0,luma,8,32,4,0,2,ede30c8a46ae17731300e423550394e6c255a5615e794f7f2e0cfe3013c9146a,OpenCV quality path; verified equal to Pillow
95,0,luma,8,33,4,1,2,ede30c8a46ae17731300e423550394e6c255a5615e794f7f2e0cfe3013c9146a,OpenCV quality path; verified equal to Pillow
95,0,luma,8,34,4,2,4,ede30c8a46ae17731300e423550394e6c255a5615e794f7f2e0cfe3013c9146a,OpenCV quality path; verified equal to Pillow
95,0,luma,8,35,4,3,6,ede30c8a46ae17731300e423550394e6c255a5615e794f7f2e0cfe3013c9146a,OpenCV quality path; verified equal to Pillow
95,0,luma,8,36,4,4,7,ede30c8a46ae17731300e423550394e6c255a5615e794f7f2e0cfe3013c9146a,OpenCV quality path; verified equal to Pillow
95,0,luma,8,37,4,5,11,ede30c8a46ae17731300e423550394e6c255a5615e794f7f2e0cfe3013c9146a,OpenCV quality path; verified equal to Pillow
95,0,luma,8,38,4,6,10,ede30c8a46ae17731300e423550394e6c255a5615e794f7f2e0cfe3013c9146a,OpenCV quality path; verified equal to Pillow
95,0,luma,8,39,4,7,8,ede30c8a46ae17731300e423550394e6c255a5615e794f7f2e0cfe3013c9146a,OpenCV quality path; verified equal to Pillow
95,0,luma,8,40,5,0,2,ede30c8a46ae17731300e423550394e6c255a5615e794f7f2e0cfe3013c9146a,OpenCV quality path; verified equal to Pillow
95,0,luma,8,41,5,1,4,ede30c8a46ae17731300e423550394e6c255a5615e794f7f2e0cfe3013c9146a,OpenCV quality path; verified equal to Pillow
95,0,luma,8,42,5,2,6,ede30c8a46ae17731300e423550394e6c255a5615e794f7f2e0cfe3013c9146a,OpenCV quality path; verified equal to Pillow
95,0,luma,8,43,5,3,6,ede30c8a46ae17731300e423550394e6c255a5615e794f7f2e0cfe3013c9146a,OpenCV quality path; verified equal to Pillow
95,0,luma,8,44,5,4,8,ede30c8a46ae17731300e423550394e6c255a5615e794f7f2e0cfe3013c9146a,OpenCV quality path; verified equal to Pillow
95,0,luma,8,45,5,5,10,ede30c8a46ae17731300e423550394e6c255a5615e794f7f2e0cfe3013c9146a,OpenCV quality path; verified equal to Pillow
95,0,luma,8,46,5,6,11,ede30c8a46ae17731300e423550394e6c255a5615e794f7f2e0cfe3013c9146a,OpenCV quality path; verified equal to Pillow
95,0,luma,8,47,5,7,9,ede30c8a46ae17731300e423550394e6c255a5615e794f7f2e0cfe3013c9146a,OpenCV quality path; verified equal to Pillow
95,0,luma,8,48,6,0,5,ede30c8a46ae17731300e423550394e6c255a5615e794f7f2e0cfe3013c9146a,OpenCV quality path; verified equal to Pillow
95,0,luma,8,49,6,1,6,ede30c8a46ae17731300e423550394e6c255a5615e794f7f2e0cfe3013c9146a,OpenCV quality path; verified equal to Pillow
95,0,luma,8,50,6,2,8,ede30c8a46ae17731300e423550394e6c255a5615e794f7f2e0cfe3013c9146a,OpenCV quality path; verified equal to Pillow
95,0,luma,8,51,6,3,9,ede30c8a46ae17731300e423550394e6c255a5615e794f7f2e0cfe3013c9146a,OpenCV quality path; verified equal to Pillow
95,0,luma,8,52,6,4,10,ede30c8a46ae17731300e423550394e6c255a5615e794f7f2e0cfe3013c9146a,OpenCV quality path; verified equal to Pillow
95,0,luma,8,53,6,5,12,ede30c8a46ae17731300e423550394e6c255a5615e794f7f2e0cfe3013c9146a,OpenCV quality path; verified equal to Pillow
95,0,luma,8,54,6,6,12,ede30c8a46ae17731300e423550394e6c255a5615e794f7f2e0cfe3013c9146a,OpenCV quality path; verified equal to Pillow
95,0,luma,8,55,6,7,10,ede30c8a46ae17731300e423550394e6c255a5615e794f7f2e0cfe3013c9146a,OpenCV quality path; verified equal to Pillow
95,0,luma,8,56,7,0,7,ede30c8a46ae17731300e423550394e6c255a5615e794f7f2e0cfe3013c9146a,OpenCV quality path; verified equal to Pillow
95,0,luma,8,57,7,1,9,ede30c8a46ae17731300e423550394e6c255a5615e794f7f2e0cfe3013c9146a,OpenCV quality path; verified equal to Pillow
95,0,luma,8,58,7,2,10,ede30c8a46ae17731300e423550394e6c255a5615e794f7f2e0cfe3013c9146a,OpenCV quality path; verified equal to Pillow
95,0,luma,8,59,7,3,10,ede30c8a46ae17731300e423550394e6c255a5615e794f7f2e0cfe3013c9146a,OpenCV quality path; verified equal to Pillow
95,0,luma,8,60,7,4,11,ede30c8a46ae17731300e423550394e6c255a5615e794f7f2e0cfe3013c9146a,OpenCV quality path; verified equal to Pillow
95,0,luma,8,61,7,5,10,ede30c8a46ae17731300e423550394e6c255a5615e794f7f2e0cfe3013c9146a,OpenCV quality path; verified equal to Pillow
95,0,luma,8,62,7,6,10,ede30c8a46ae17731300e423550394e6c255a5615e794f7f2e0cfe3013c9146a,OpenCV quality path; verified equal to Pillow
95,0,luma,8,63,7,7,10,ede30c8a46ae17731300e423550394e6c255a5615e794f7f2e0cfe3013c9146a,OpenCV quality path; verified equal to Pillow
95,1,chroma,8,0,0,0,2,9e4901882b055ede07b8f0eaddf91fa71fc0ce7ea287e1a23f4782c0d306cd7a,OpenCV quality path; verified equal to Pillow
95,1,chroma,8,1,0,1,2,9e4901882b055ede07b8f0eaddf91fa71fc0ce7ea287e1a23f4782c0d306cd7a,OpenCV quality path; verified equal to Pillow
95,1,chroma,8,2,0,2,2,9e4901882b055ede07b8f0eaddf91fa71fc0ce7ea287e1a23f4782c0d306cd7a,OpenCV quality path; verified equal to Pillow
95,1,chroma,8,3,0,3,5,9e4901882b055ede07b8f0eaddf91fa71fc0ce7ea287e1a23f4782c0d306cd7a,OpenCV quality path; verified equal to Pillow
95,1,chroma,8,4,0,4,10,9e4901882b055ede07b8f0eaddf91fa71fc0ce7ea287e1a23f4782c0d306cd7a,OpenCV quality path; verified equal to Pillow
95,1,chroma,8,5,0,5,10,9e4901882b055ede07b8f0eaddf91fa71fc0ce7ea287e1a23f4782c0d306cd7a,OpenCV quality path; verified equal to Pillow
95,1,chroma,8,6,0,6,10,9e4901882b055ede07b8f0eaddf91fa71fc0ce7ea287e1a23f4782c0d306cd7a,OpenCV quality path; verified equal to Pillow
95,1,chroma,8,7,0,7,10,9e4901882b055ede07b8f0eaddf91fa71fc0ce7ea287e1a23f4782c0d306cd7a,OpenCV quality path; verified equal to Pillow
95,1,chroma,8,8,1,0,2,9e4901882b055ede07b8f0eaddf91fa71fc0ce7ea287e1a23f4782c0d306cd7a,OpenCV quality path; verified equal to Pillow
95,1,chroma,8,9,1,1,2,9e4901882b055ede07b8f0eaddf91fa71fc0ce7ea287e1a23f4782c0d306cd7a,OpenCV quality path; verified equal to Pillow
95,1,chroma,8,10,1,2,3,9e4901882b055ede07b8f0eaddf91fa71fc0ce7ea287e1a23f4782c0d306cd7a,OpenCV quality path; verified equal to Pillow
95,1,chroma,8,11,1,3,7,9e4901882b055ede07b8f0eaddf91fa71fc0ce7ea287e1a23f4782c0d306cd7a,OpenCV quality path; verified equal to Pillow
95,1,chroma,8,12,1,4,10,9e4901882b055ede07b8f0eaddf91fa71fc0ce7ea287e1a23f4782c0d306cd7a,OpenCV quality path; verified equal to Pillow
95,1,chroma,8,13,1,5,10,9e4901882b055ede07b8f0eaddf91fa71fc0ce7ea287e1a23f4782c0d306cd7a,OpenCV quality path; verified equal to Pillow
95,1,chroma,8,14,1,6,10,9e4901882b055ede07b8f0eaddf91fa71fc0ce7ea287e1a23f4782c0d306cd7a,OpenCV quality path; verified equal to Pillow
95,1,chroma,8,15,1,7,10,9e4901882b055ede07b8f0eaddf91fa71fc0ce7ea287e1a23f4782c0d306cd7a,OpenCV quality path; verified equal to Pillow
95,1,chroma,8,16,2,0,2,9e4901882b055ede07b8f0eaddf91fa71fc0ce7ea287e1a23f4782c0d306cd7a,OpenCV quality path; verified equal to Pillow
95,1,chroma,8,17,2,1,3,9e4901882b055ede07b8f0eaddf91fa71fc0ce7ea287e1a23f4782c0d306cd7a,OpenCV quality path; verified equal to Pillow
95,1,chroma,8,18,2,2,6,9e4901882b055ede07b8f0eaddf91fa71fc0ce7ea287e1a23f4782c0d306cd7a,OpenCV quality path; verified equal to Pillow
95,1,chroma,8,19,2,3,10,9e4901882b055ede07b8f0eaddf91fa71fc0ce7ea287e1a23f4782c0d306cd7a,OpenCV quality path; verified equal to Pillow
95,1,chroma,8,20,2,4,10,9e4901882b055ede07b8f0eaddf91fa71fc0ce7ea287e1a23f4782c0d306cd7a,OpenCV quality path; verified equal to Pillow
95,1,chroma,8,21,2,5,10,9e4901882b055ede07b8f0eaddf91fa71fc0ce7ea287e1a23f4782c0d306cd7a,OpenCV quality path; verified equal to Pillow
95,1,chroma,8,22,2,6,10,9e4901882b055ede07b8f0eaddf91fa71fc0ce7ea287e1a23f4782c0d306cd7a,OpenCV quality path; verified equal to Pillow
95,1,chroma,8,23,2,7,10,9e4901882b055ede07b8f0eaddf91fa71fc0ce7ea287e1a23f4782c0d306cd7a,OpenCV quality path; verified equal to Pillow
95,1,chroma,8,24,3,0,5,9e4901882b055ede07b8f0eaddf91fa71fc0ce7ea287e1a23f4782c0d306cd7a,OpenCV quality path; verified equal to Pillow
95,1,chroma,8,25,3,1,7,9e4901882b055ede07b8f0eaddf91fa71fc0ce7ea287e1a23f4782c0d306cd7a,OpenCV quality path; verified equal to Pillow
95,1,chroma,8,26,3,2,10,9e4901882b055ede07b8f0eaddf91fa71fc0ce7ea287e1a23f4782c0d306cd7a,OpenCV quality path; verified equal to Pillow
95,1,chroma,8,27,3,3,10,9e4901882b055ede07b8f0eaddf91fa71fc0ce7ea287e1a23f4782c0d306cd7a,OpenCV quality path; verified equal to Pillow
95,1,chroma,8,28,3,4,10,9e4901882b055ede07b8f0eaddf91fa71fc0ce7ea287e1a23f4782c0d306cd7a,OpenCV quality path; verified equal to Pillow
95,1,chroma,8,29,3,5,10,9e4901882b055ede07b8f0eaddf91fa71fc0ce7ea287e1a23f4782c0d306cd7a,OpenCV quality path; verified equal to Pillow
95,1,chroma,8,30,3,6,10,9e4901882b055ede07b8f0eaddf91fa71fc0ce7ea287e1a23f4782c0d306cd7a,OpenCV quality path; verified equal to Pillow
95,1,chroma,8,31,3,7,10,9e4901882b055ede07b8f0eaddf91fa71fc0ce7ea287e1a23f4782c0d306cd7a,OpenCV quality path; verified equal to Pillow
95,1,chroma,8,32,4,0,10,9e4901882b055ede07b8f0eaddf91fa71fc0ce7ea287e1a23f4782c0d306cd7a,OpenCV quality path; verified equal to Pillow
95,1,chroma,8,33,4,1,10,9e4901882b055ede07b8f0eaddf91fa71fc0ce7ea287e1a23f4782c0d306cd7a,OpenCV quality path; verified equal to Pillow
95,1,chroma,8,34,4,2,10,9e4901882b055ede07b8f0eaddf91fa71fc0ce7ea287e1a23f4782c0d306cd7a,OpenCV quality path; verified equal to Pillow
95,1,chroma,8,35,4,3,10,9e4901882b055ede07b8f0eaddf91fa71fc0ce7ea287e1a23f4782c0d306cd7a,OpenCV quality path; verified equal to Pillow
95,1,chroma,8,36,4,4,10,9e4901882b055ede07b8f0eaddf91fa71fc0ce7ea287e1a23f4782c0d306cd7a,OpenCV quality path; verified equal to Pillow
95,1,chroma,8,37,4,5,10,9e4901882b055ede07b8f0eaddf91fa71fc0ce7ea287e1a23f4782c0d306cd7a,OpenCV quality path; verified equal to Pillow
95,1,chroma,8,38,4,6,10,9e4901882b055ede07b8f0eaddf91fa71fc0ce7ea287e1a23f4782c0d306cd7a,OpenCV quality path; verified equal to Pillow
95,1,chroma,8,39,4,7,10,9e4901882b055ede07b8f0eaddf91fa71fc0ce7ea287e1a23f4782c0d306cd7a,OpenCV quality path; verified equal to Pillow
95,1,chroma,8,40,5,0,10,9e4901882b055ede07b8f0eaddf91fa71fc0ce7ea287e1a23f4782c0d306cd7a,OpenCV quality path; verified equal to Pillow
95,1,chroma,8,41,5,1,10,9e4901882b055ede07b8f0eaddf91fa71fc0ce7ea287e1a23f4782c0d306cd7a,OpenCV quality path; verified equal to Pillow
95,1,chroma,8,42,5,2,10,9e4901882b055ede07b8f0eaddf91fa71fc0ce7ea287e1a23f4782c0d306cd7a,OpenCV quality path; verified equal to Pillow
95,1,chroma,8,43,5,3,10,9e4901882b055ede07b8f0eaddf91fa71fc0ce7ea287e1a23f4782c0d306cd7a,OpenCV quality path; verified equal to Pillow
95,1,chroma,8,44,5,4,10,9e4901882b055ede07b8f0eaddf91fa71fc0ce7ea287e1a23f4782c0d306cd7a,OpenCV quality path; verified equal to Pillow
95,1,chroma,8,45,5,5,10,9e4901882b055ede07b8f0eaddf91fa71fc0ce7ea287e1a23f4782c0d306cd7a,OpenCV quality path; verified equal to Pillow
95,1,chroma,8,46,5,6,10,9e4901882b055ede07b8f0eaddf91fa71fc0ce7ea287e1a23f4782c0d306cd7a,OpenCV quality path; verified equal to Pillow
95,1,chroma,8,47,5,7,10,9e4901882b055ede07b8f0eaddf91fa71fc0ce7ea287e1a23f4782c0d306cd7a,OpenCV quality path; verified equal to Pillow
95,1,chroma,8,48,6,0,10,9e4901882b055ede07b8f0eaddf91fa71fc0ce7ea287e1a23f4782c0d306cd7a,OpenCV quality path; verified equal to Pillow
95,1,chroma,8,49,6,1,10,9e4901882b055ede07b8f0eaddf91fa71fc0ce7ea287e1a23f4782c0d306cd7a,OpenCV quality path; verified equal to Pillow
95,1,chroma,8,50,6,2,10,9e4901882b055ede07b8f0eaddf91fa71fc0ce7ea287e1a23f4782c0d306cd7a,OpenCV quality path; verified equal to Pillow
95,1,chroma,8,51,6,3,10,9e4901882b055ede07b8f0eaddf91fa71fc0ce7ea287e1a23f4782c0d306cd7a,OpenCV quality path; verified equal to Pillow
95,1,chroma,8,52,6,4,10,9e4901882b055ede07b8f0eaddf91fa71fc0ce7ea287e1a23f4782c0d306cd7a,OpenCV quality path; verified equal to Pillow
95,1,chroma,8,53,6,5,10,9e4901882b055ede07b8f0eaddf91fa71fc0ce7ea287e1a23f4782c0d306cd7a,OpenCV quality path; verified equal to Pillow
95,1,chroma,8,54,6,6,10,9e4901882b055ede07b8f0eaddf91fa71fc0ce7ea287e1a23f4782c0d306cd7a,OpenCV quality path; verified equal to Pillow
95,1,chroma,8,55,6,7,10,9e4901882b055ede07b8f0eaddf91fa71fc0ce7ea287e1a23f4782c0d306cd7a,OpenCV quality path; verified equal to Pillow
95,1,chroma,8,56,7,0,10,9e4901882b055ede07b8f0eaddf91fa71fc0ce7ea287e1a23f4782c0d306cd7a,OpenCV quality path; verified equal to Pillow
95,1,chroma,8,57,7,1,10,9e4901882b055ede07b8f0eaddf91fa71fc0ce7ea287e1a23f4782c0d306cd7a,OpenCV quality path; verified equal to Pillow
95,1,chroma,8,58,7,2,10,9e4901882b055ede07b8f0eaddf91fa71fc0ce7ea287e1a23f4782c0d306cd7a,OpenCV quality path; verified equal to Pillow
95,1,chroma,8,59,7,3,10,9e4901882b055ede07b8f0eaddf91fa71fc0ce7ea287e1a23f4782c0d306cd7a,OpenCV quality path; verified equal to Pillow
95,1,chroma,8,60,7,4,10,9e4901882b055ede07b8f0eaddf91fa71fc0ce7ea287e1a23f4782c0d306cd7a,OpenCV quality path; verified equal to Pillow
95,1,chroma,8,61,7,5,10,9e4901882b055ede07b8f0eaddf91fa71fc0ce7ea287e1a23f4782c0d306cd7a,OpenCV quality path; verified equal to Pillow
95,1,chroma,8,62,7,6,10,9e4901882b055ede07b8f0eaddf91fa71fc0ce7ea287e1a23f4782c0d306cd7a,OpenCV quality path; verified equal to Pillow
95,1,chroma,8,63,7,7,10,9e4901882b055ede07b8f0eaddf91fa71fc0ce7ea287e1a23f4782c0d306cd7a,OpenCV quality path; verified equal to Pillow
